<edmx:Edmx
    xmlns:edmx="http://schemas.microsoft.com/ado/2007/06/edmx"
    xmlns:m="http://schemas.microsoft.com/ado/2007/08/dataservices/metadata"
    xmlns:sap="http://www.sap.com/Protocols/SAPData" Version="1.0">
    <edmx:DataServices m:DataServiceVersion="2.0">
        <Schema
            xmlns="http://schemas.microsoft.com/ado/2008/09/edm" Namespace="ZMM_CREATE_SES_SRV_02" xml:lang="en" sap:schema-version="1">
            <EntityType Name="SesHeader" sap:content-version="1">
                <Key>
                    <PropertyRef Name="Ebeln"/>
                </Key>
                <Property Name="Ebeln" Type="Edm.String" Nullable="false" MaxLength="10" sap:unicode="false" sap:label="Purchasing Doc." sap:creatable="false" sap:updatable="false" sap:sortable="false" sap:filterable="false"/>
                <Property Name="Lifnr" Type="Edm.String" Nullable="false" MaxLength="10" sap:unicode="false" sap:label="Vendor" sap:creatable="false" sap:updatable="false" sap:sortable="false" sap:filterable="false"/>
                <Property Name="Name1" Type="Edm.String" Nullable="false" MaxLength="35" sap:unicode="false" sap:label="Name" sap:creatable="false" sap:updatable="false" sap:sortable="false" sap:filterable="false"/>
                <Property Name="Aedat" Type="Edm.DateTime" Nullable="false" Precision="7" sap:unicode="false" sap:label="Created on" sap:creatable="false" sap:updatable="false" sap:sortable="false" sap:filterable="false"/>
                <Property Name="ExtNumber" Type="Edm.String" Nullable="false" MaxLength="16" sap:unicode="false" sap:label="External number" sap:creatable="false" sap:updatable="false" sap:sortable="false" sap:filterable="false"/>
                <Property Name="Attch" Type="Edm.String" Nullable="false" MaxLength="255" sap:unicode="false" sap:label="Main Image name" sap:creatable="false" sap:updatable="false" sap:sortable="false" sap:filterable="false"/>
                <Property Name="PckgNo" Type="Edm.String" Nullable="false" MaxLength="10" sap:unicode="false" sap:label="Package number" sap:creatable="false" sap:updatable="false" sap:sortable="false" sap:filterable="false"/>
                <Property Name="ShortTetx" Type="Edm.String" Nullable="false" MaxLength="40" sap:unicode="false" sap:label="Short Text" sap:creatable="false" sap:updatable="false" sap:sortable="false" sap:filterable="false"/>
                <Property Name="PoItem" Type="Edm.String" Nullable="false" MaxLength="5" sap:unicode="false" sap:label="Item" sap:creatable="false" sap:updatable="false" sap:sortable="false" sap:filterable="false"/>
                <NavigationProperty Name="nav_poheadertoitem" Relationship="ZMM_CREATE_SES_SRV_02.OrderToItem" FromRole="FromRole_OrderToItem" ToRole="ToRole_OrderToItem"/>
            </EntityType>
            <EntityType Name="SesItem" sap:content-version="1">
                <Key>
                    <PropertyRef Name="Ebeln"/>
                    <PropertyRef Name="ExtLine"/>
                </Key>
                <Property Name="Ebeln" Type="Edm.String" Nullable="false" MaxLength="10" sap:unicode="false" sap:label="Purchasing Doc." sap:creatable="false" sap:updatable="false" sap:sortable="false" sap:filterable="false"/>
                <Property Name="ExtLine" Type="Edm.String" Nullable="false" MaxLength="10" sap:unicode="false" sap:label="Line Number" sap:creatable="false" sap:updatable="false" sap:sortable="false" sap:filterable="false"/>
                <Property Name="ShortText" Type="Edm.String" Nullable="false" MaxLength="40" sap:unicode="false" sap:label="Short Text" sap:creatable="false" sap:updatable="false" sap:sortable="false" sap:filterable="false"/>
                <Property Name="OpenQty" Type="Edm.Decimal" Nullable="false" Precision="13" Scale="3" sap:unicode="false" sap:unit="BaseUom" sap:label="Quantity" sap:creatable="false" sap:updatable="false" sap:sortable="false" sap:filterable="false"/>
                <Property Name="Quantity" Type="Edm.Decimal" Nullable="false" Precision="13" Scale="3" sap:unicode="false" sap:unit="BaseUom" sap:label="Quantity" sap:creatable="false" sap:updatable="false" sap:sortable="false" sap:filterable="false"/>
                <Property Name="BaseUom" Type="Edm.String" Nullable="false" MaxLength="3" sap:unicode="false" sap:label="Base Unit" sap:creatable="false" sap:updatable="false" sap:sortable="false" sap:filterable="false" sap:semantics="unit-of-measure"/>
                <Property Name="GrossVal" Type="Edm.Decimal" Nullable="false" Precision="23" Scale="4" sap:unicode="false" sap:label="Gross value" sap:creatable="false" sap:updatable="false" sap:sortable="false" sap:filterable="false"/>
                <Property Name="PckgNo" Type="Edm.String" Nullable="false" MaxLength="10" sap:unicode="false" sap:label="Package number" sap:creatable="false" sap:updatable="false" sap:sortable="false" sap:filterable="false"/>
                <Property Name="LineNo" Type="Edm.String" Nullable="false" MaxLength="10" sap:unicode="false" sap:label="Internal line no." sap:creatable="false" sap:updatable="false" sap:sortable="false" sap:filterable="false"/>
                <Property Name="OutlInd" Type="Edm.String" Nullable="false" MaxLength="1" sap:unicode="false" sap:label="Ind.: outline" sap:creatable="false" sap:updatable="false" sap:sortable="false" sap:filterable="false"/>
                <Property Name="Service" Type="Edm.String" Nullable="false" MaxLength="18" sap:unicode="false" sap:label="Activity number" sap:creatable="false" sap:updatable="false" sap:sortable="false" sap:filterable="false"/>
                <Property Name="SubpckgNo" Type="Edm.String" Nullable="false" MaxLength="10" sap:unicode="false" sap:label="Package" sap:creatable="false" sap:updatable="false" sap:sortable="false" sap:filterable="false"/>
                <Property Name="FromLine" Type="Edm.String" Nullable="false" MaxLength="6" sap:unicode="false" sap:label="Lower Limit" sap:creatable="false" sap:updatable="false" sap:sortable="false" sap:filterable="false"/>
            </EntityType>
            <Association Name="OrderToItem" sap:content-version="1">
                <End Type="ZMM_CREATE_SES_SRV_02.SesHeader" Multiplicity="1" Role="FromRole_OrderToItem"/>
                <End Type="ZMM_CREATE_SES_SRV_02.SesItem" Multiplicity="*" Role="ToRole_OrderToItem"/>
                <ReferentialConstraint>
                    <Principal Role="FromRole_OrderToItem">
                        <PropertyRef Name="Ebeln"/>
                    </Principal>
                    <Dependent Role="ToRole_OrderToItem">
                        <PropertyRef Name="Ebeln"/>
                    </Dependent>
                </ReferentialConstraint>
            </Association>
            <EntityContainer Name="ZMM_CREATE_SES_SRV_02_Entities" m:IsDefaultEntityContainer="true" sap:supported-formats="atom json xlsx">
                <EntitySet Name="SesHeaderSet" EntityType="ZMM_CREATE_SES_SRV_02.SesHeader" sap:creatable="false" sap:updatable="false" sap:deletable="false" sap:pageable="false" sap:content-version="1"/>
                <EntitySet Name="SesItemSet" EntityType="ZMM_CREATE_SES_SRV_02.SesItem" sap:creatable="false" sap:updatable="false" sap:deletable="false" sap:pageable="false" sap:content-version="1"/>
                <AssociationSet Name="OrderToItemSet" Association="ZMM_CREATE_SES_SRV_02.OrderToItem" sap:creatable="false" sap:updatable="false" sap:deletable="false" sap:content-version="1">
                    <End EntitySet="SesHeaderSet" Role="FromRole_OrderToItem"/>
                    <End EntitySet="SesItemSet" Role="ToRole_OrderToItem"/>
                </AssociationSet>
            </EntityContainer>
            <atom:link
                xmlns:atom="http://www.w3.org/2005/Atom" rel="self" href="./sap/ZMM_CREATE_SES_SRV_02/$metadata"/>
                <atom:link
                    xmlns:atom="http://www.w3.org/2005/Atom" rel="latest-version" href="./sap/ZMM_CREATE_SES_SRV_02/$metadata"/>
                </Schema>
            </edmx:DataServices>
        </edmx:Edmx>